id,status,asset_type,chapter_number,chapter_title,paragraph_index,placeholder,nearby_context,prompt,manual_input_required,notes
ASSET-001,needs_input,content_placeholder,,Front matter or end matter,4,[Placeholder],Publisher's Edition | Copyright | Title Page,Vietnam Adventure 2026 travel handbook. Context: Front matter or end matter. Nearby handbook content: Publisher's Edition | Copyright | Title Page. Review the source content and define the required replacement.,True,Review the source content and define the required replacement.
ASSET-002,needs_input,content_placeholder,,Front matter or end matter,7,[Placeholder],Title Page | Table of Contents (Update Field in Word),Vietnam Adventure 2026 travel handbook. Context: Front matter or end matter. Nearby handbook content: Title Page | Table of Contents (Update Field in Word). Review the source content and define the required replacement.,True,Review the source content and define the required replacement.
ASSET-003,needs_input,content_placeholder,,Front matter or end matter,10,[Placeholder],Table of Contents (Update Field in Word) | Foreword,Vietnam Adventure 2026 travel handbook. Context: Front matter or end matter. Nearby handbook content: Table of Contents (Update Field in Word) | Foreword. Review the source content and define the required replacement.,True,Review the source content and define the required replacement.
ASSET-004,needs_input,content_placeholder,,Front matter or end matter,13,[Placeholder],Foreword | Preface,Vietnam Adventure 2026 travel handbook. Context: Front matter or end matter. Nearby handbook content: Foreword | Preface. Review the source content and define the required replacement.,True,Review the source content and define the required replacement.
ASSET-005,needs_input,content_placeholder,,Front matter or end matter,16,[Placeholder],Preface,Vietnam Adventure 2026 travel handbook. Context: Front matter or end matter. Nearby handbook content: Preface. Review the source content and define the required replacement.,True,Review the source content and define the required replacement.
ASSET-006,needs_input,content_placeholder,,Front matter or end matter,35,[Placeholder],Appendix | QR Navigation Directory,Vietnam Adventure 2026 travel handbook. Context: Front matter or end matter. Nearby handbook content: Appendix | QR Navigation Directory. Review the source content and define the required replacement.,True,Review the source content and define the required replacement.
ASSET-007,needs_input,qr_code,,Front matter or end matter,38,[QR Code Directory Placeholder],QR Navigation Directory | Index Placeholder,Vietnam Adventure 2026 travel handbook. Context: Front matter or end matter. Nearby handbook content: QR Navigation Directory | Index Placeholder. A verified destination URL is required before creating a QR code.,True,A verified destination URL is required before creating a QR code.
ASSET-008,needs_input,content_placeholder,,Front matter or end matter,39,[Placeholder],QR Navigation Directory | Index Placeholder,Vietnam Adventure 2026 travel handbook. Context: Front matter or end matter. Nearby handbook content: QR Navigation Directory | Index Placeholder. Review the source content and define the required replacement.,True,Review the source content and define the required replacement.
ASSET-009,needs_input,content_placeholder,,Front matter or end matter,42,[Placeholder],Index Placeholder | Back Cover,Vietnam Adventure 2026 travel handbook. Context: Front matter or end matter. Nearby handbook content: Index Placeholder | Back Cover. Review the source content and define the required replacement.,True,Review the source content and define the required replacement.
ASSET-010,needs_input,content_placeholder,,Front matter or end matter,45,[Placeholder],Back Cover | CHAPTER 1 | Foundations of the Journey,Vietnam Adventure 2026 travel handbook. Context: Front matter or end matter. Nearby handbook content: Back Cover | CHAPTER 1 | Foundations of the Journey. Review the source content and define the required replacement.,True,Review the source content and define the required replacement.
ASSET-011,ready_for_generation,hero_image,1,Foundations of the Journey,47,[Hero Image Placeholder – Full-width chapter opener],Back Cover | CHAPTER 1 | Foundations of the Journey,"Vietnam Adventure 2026 travel handbook. Context: Chapter 1: Foundations of the Journey. Nearby handbook content: Back Cover | CHAPTER 1 | Foundations of the Journey. Create a premium documentary travel-photography hero image, landscape 16:9, authentic Vietnam setting relevant to the context, warm natural light, sophisticated editorial composition, no text, no logos, no watermarks, no collage.",False,Create as a 16:9 editorial travel image.
ASSET-012,ready_for_generation,navigation_panel,1,Foundations of the Journey,51,[Navigation Panel Placeholder | Chapter Overview | Key Stops | QR],"Foundations of the Journey | ""Every memorable journey begins long before departure."" | Editor's Introduction","Vietnam Adventure 2026 travel handbook. Context: Chapter 1: Foundations of the Journey. Nearby handbook content: Foundations of the Journey | ""Every memorable journey begins long before departure."" | Editor's Introduction. Create concise content for a polished navigation panel with three labeled areas: Chapter Overview, Key Stops, and QR Destination. Use only facts established in the nearby content; mark uncertain facts as review-needed.",False,Create as a structured Word callout panel.
ASSET-013,ready_for_generation,hero_image,2,Trip Overview & Travel Planning,73,[Hero Image Placeholder – Full-width chapter opener],"Cross References | Continue to Chapter 2 – Trip Overview & Travel Planning for confirmed bookings, itinerary, weather, budget, and logistics. | CHAPTER 2","Vietnam Adventure 2026 travel handbook. Context: Chapter 2: Trip Overview & Travel Planning. Nearby handbook content: Cross References | Continue to Chapter 2 – Trip Overview & Travel Planning for confirmed bookings, itinerary, weather, budget, and logistics. | CHAPTER 2. Create a premium documentary travel-photography hero image, landscape 16:9, authentic Vietnam setting relevant to the context, warm natural light, sophisticated editorial composition, no text, no logos, no watermarks, no collage.",False,Create as a 16:9 editorial travel image.
ASSET-014,ready_for_generation,navigation_panel,2,Trip Overview & Travel Planning,77,[Navigation Panel Placeholder | Chapter Overview | Key Stops | QR],"Trip Overview & Travel Planning | ""Well-planned journeys create space for unforgettable moments."" | Editor's Introduction","Vietnam Adventure 2026 travel handbook. Context: Chapter 2: Trip Overview & Travel Planning. Nearby handbook content: Trip Overview & Travel Planning | ""Well-planned journeys create space for unforgettable moments."" | Editor's Introduction. Create concise content for a polished navigation panel with three labeled areas: Chapter Overview, Key Stops, and QR Destination. Use only facts established in the nearby content; mark uncertain facts as review-needed.",False,Create as a structured Word callout panel.
ASSET-015,ready_for_generation,hero_image,3,Preparing for Vietnam,99,[Hero Image Placeholder – Full-width chapter opener],Cross References | See Chapter 1 for the handbook philosophy and Chapter 3 for detailed travel preparation guidance. | CHAPTER 3,"Vietnam Adventure 2026 travel handbook. Context: Chapter 3: Preparing for Vietnam. Nearby handbook content: Cross References | See Chapter 1 for the handbook philosophy and Chapter 3 for detailed travel preparation guidance. | CHAPTER 3. Create a premium documentary travel-photography hero image, landscape 16:9, authentic Vietnam setting relevant to the context, warm natural light, sophisticated editorial composition, no text, no logos, no watermarks, no collage.",False,Create as a 16:9 editorial travel image.
ASSET-016,ready_for_generation,navigation_panel,3,Preparing for Vietnam,103,[Navigation Panel Placeholder | Chapter Overview | Key Stops | QR],"Preparing for Vietnam | ""Preparation turns a good trip into a stress-free adventure."" | Editor's Introduction","Vietnam Adventure 2026 travel handbook. Context: Chapter 3: Preparing for Vietnam. Nearby handbook content: Preparing for Vietnam | ""Preparation turns a good trip into a stress-free adventure."" | Editor's Introduction. Create concise content for a polished navigation panel with three labeled areas: Chapter Overview, Key Stops, and QR Destination. Use only facts established in the nearby content; mark uncertain facts as review-needed.",False,Create as a structured Word callout panel.
ASSET-017,ready_for_generation,timeline_graphic,3,Preparing for Vietnam,106,[Timeline Graphic Placeholder],"This chapter prepares you for departure by consolidating planning tasks, travel documents, health considerations, finances, connectivity, clothing, and packing into a practical reference. | Preparation Timeline | Organize tasks into 90-day, 60-day, 30-day, 7-day, and departure-day milestones to reduce last-minute stress.","Vietnam Adventure 2026 travel handbook. Context: Chapter 3: Preparing for Vietnam. Nearby handbook content: This chapter prepares you for departure by consolidating planning tasks, travel documents, health considerations, finances, connectivity, clothing, and packing into a practical reference. | Preparation Timeline | Organize tasks into 90-day, 60-day, 30-day, 7-day, and departure-day milestones to reduce last-minute stress.. Create a clean horizontal travel timeline showing the sequence of events already described in the nearby content. Use short labels and restrained colors.",False,Create as a clean horizontal itinerary timeline.
ASSET-018,ready_for_generation,packing_planner,3,Preparing for Vietnam,113,[Packing Planner Placeholder],"Money & Connectivity | Plan cash, cards, and mobile connectivity before leaving the Philippines. | Packing Strategy","Vietnam Adventure 2026 travel handbook. Context: Chapter 3: Preparing for Vietnam. Nearby handbook content: Money & Connectivity | Plan cash, cards, and mobile connectivity before leaving the Philippines. | Packing Strategy. Create a printable packing checklist organized by essentials, clothing, health, technology, and documents. Keep all entries relevant to this chapter.",False,Create as a printable checklist worksheet.
ASSET-019,ready_for_generation,hero_image,4,Departure Day & Manila Airport Guide,137,[Hero Image Placeholder – Full-width chapter opener],Cross References | See Chapter 2 for the confirmed itinerary and Chapter 4 for departure-day procedures. | CHAPTER 4,"Vietnam Adventure 2026 travel handbook. Context: Chapter 4: Departure Day & Manila Airport Guide. Nearby handbook content: Cross References | See Chapter 2 for the confirmed itinerary and Chapter 4 for departure-day procedures. | CHAPTER 4. Create a premium documentary travel-photography hero image, landscape 16:9, authentic Vietnam setting relevant to the context, warm natural light, sophisticated editorial composition, no text, no logos, no watermarks, no collage.",False,Create as a 16:9 editorial travel image.
ASSET-020,ready_for_generation,navigation_panel,4,Departure Day & Manila Airport Guide,141,[Navigation Panel Placeholder | Chapter Overview | Key Stops | QR],"Departure Day & Manila Airport Guide | ""The adventure truly begins the moment you leave home."" | Editor's Introduction","Vietnam Adventure 2026 travel handbook. Context: Chapter 4: Departure Day & Manila Airport Guide. Nearby handbook content: Departure Day & Manila Airport Guide | ""The adventure truly begins the moment you leave home."" | Editor's Introduction. Create concise content for a polished navigation panel with three labeled areas: Chapter Overview, Key Stops, and QR Destination. Use only facts established in the nearby content; mark uncertain facts as review-needed.",False,Create as a structured Word callout panel.
ASSET-021,ready_for_generation,icon_set,4,Departure Day & Manila Airport Guide,144,[Icon Set Placeholder],"Departure day transforms months of preparation into reality. This opening section focuses on leaving home confidently, arriving at NAIA with enough time, and beginning the journey in an organized, low-stress manner. | Quick Facts | Departure Day Overview","Vietnam Adventure 2026 travel handbook. Context: Chapter 4: Departure Day & Manila Airport Guide. Nearby handbook content: Departure day transforms months of preparation into reality. This opening section focuses on leaving home confidently, arriving at NAIA with enough time, and beginning the journey in an organized, low-stress manner. | Quick Facts | Departure Day Overview. Create a cohesive set of six simple line icons for this chapter. Use one-color teal and navy styling, no text, clear at small print size.",False,Create as a consistent monochrome icon set.
ASSET-022,ready_for_generation,hero_image,4,Departure Day & Manila Airport Guide,166,[Hero Image Placeholder – Full-width chapter opener],"Allow extra time for restroom breaks, baggage handling, and walking inside the terminal. | CHAPTER 4 – Block 2 | Departure Procedures at NAIA","Vietnam Adventure 2026 travel handbook. Context: Chapter 4: Departure Day & Manila Airport Guide. Nearby handbook content: Allow extra time for restroom breaks, baggage handling, and walking inside the terminal. | CHAPTER 4 – Block 2 | Departure Procedures at NAIA. Create a premium documentary travel-photography hero image, landscape 16:9, authentic Vietnam setting relevant to the context, warm natural light, sophisticated editorial composition, no text, no logos, no watermarks, no collage.",False,Create as a 16:9 editorial travel image.
ASSET-023,ready_for_generation,timeline_graphic,4,Departure Day & Manila Airport Guide,171,[Timeline Graphic Placeholder],Traveling to NAIA Terminal | Plan to arrive at NAIA at least three hours before your international departure. Allow additional time during peak traffic and when travelling with a senior companion. | Departure Timeline,Vietnam Adventure 2026 travel handbook. Context: Chapter 4: Departure Day & Manila Airport Guide. Nearby handbook content: Traveling to NAIA Terminal | Plan to arrive at NAIA at least three hours before your international departure. Allow additional time during peak traffic and when travelling with a senior companion. | Departure Timeline. Create a clean horizontal travel timeline showing the sequence of events already described in the nearby content. Use short labels and restrained colors.,False,Create as a clean horizontal itinerary timeline.
ASSET-024,ready_for_generation,hero_image,4,Departure Day & Manila Airport Guide,192,[Hero Image Placeholder – Full-width chapter opener],"Continue to Block 3 for boarding, in-flight guidance, and arrival at Noi Bai International Airport. | CHAPTER 4 – Block 3 | Boarding & Arrival","Vietnam Adventure 2026 travel handbook. Context: Chapter 4: Departure Day & Manila Airport Guide. Nearby handbook content: Continue to Block 3 for boarding, in-flight guidance, and arrival at Noi Bai International Airport. | CHAPTER 4 – Block 3 | Boarding & Arrival. Create a premium documentary travel-photography hero image, landscape 16:9, authentic Vietnam setting relevant to the context, warm natural light, sophisticated editorial composition, no text, no logos, no watermarks, no collage.",False,Create as a 16:9 editorial travel image.
ASSET-025,ready_for_generation,hero_image,4,Departure Day & Manila Airport Guide,219,[Hero Image Placeholder – Full-width chapter opener],Avoid unnecessary airport purchases unless essential. | CHAPTER 4 – Block 4 | Travel Reflection & Chapter Wrap-Up,"Vietnam Adventure 2026 travel handbook. Context: Chapter 4: Departure Day & Manila Airport Guide. Nearby handbook content: Avoid unnecessary airport purchases unless essential. | CHAPTER 4 – Block 4 | Travel Reflection & Chapter Wrap-Up. Create a premium documentary travel-photography hero image, landscape 16:9, authentic Vietnam setting relevant to the context, warm natural light, sophisticated editorial composition, no text, no logos, no watermarks, no collage.",False,Create as a 16:9 editorial travel image.
ASSET-026,ready_for_generation,reflection_journal,4,Departure Day & Manila Airport Guide,221,[Reflection Journal Page Placeholder],CHAPTER 4 – Block 4 | Travel Reflection & Chapter Wrap-Up | Travel Tips,"Vietnam Adventure 2026 travel handbook. Context: Chapter 4: Departure Day & Manila Airport Guide. Nearby handbook content: CHAPTER 4 – Block 4 | Travel Reflection & Chapter Wrap-Up | Travel Tips. Create a guided reflection page with a short prompt, generous writing space, and a restrained travel-handbook visual style.",False,Create as a spacious guided reflection page.
ASSET-027,ready_for_generation,hero_image,5,Arrival in Hanoi & HK Buslines Transfer,255,[Hero Image Placeholder – Full-width chapter opener],"CHAPTER 5 | Arrival in Hanoi & HK Buslines Transfer | ""Every great journey begins with a smooth arrival.""","Vietnam Adventure 2026 travel handbook. Context: Chapter 5: Arrival in Hanoi & HK Buslines Transfer. Nearby handbook content: CHAPTER 5 | Arrival in Hanoi & HK Buslines Transfer | ""Every great journey begins with a smooth arrival."". Create a premium documentary travel-photography hero image, landscape 16:9, authentic Vietnam setting relevant to the context, warm natural light, sophisticated editorial composition, no text, no logos, no watermarks, no collage.",False,Create as a 16:9 editorial travel image.
ASSET-028,ready_for_generation,navigation_panel,5,Arrival in Hanoi & HK Buslines Transfer,259,[Navigation Panel Placeholder | Chapter Overview | Key Stops | QR],"Arrival in Hanoi & HK Buslines Transfer | ""Every great journey begins with a smooth arrival."" | Editor's Introduction","Vietnam Adventure 2026 travel handbook. Context: Chapter 5: Arrival in Hanoi & HK Buslines Transfer. Nearby handbook content: Arrival in Hanoi & HK Buslines Transfer | ""Every great journey begins with a smooth arrival."" | Editor's Introduction. Create concise content for a polished navigation panel with three labeled areas: Chapter Overview, Key Stops, and QR Destination. Use only facts established in the nearby content; mark uncertain facts as review-needed.",False,Create as a structured Word callout panel.
ASSET-029,ready_for_generation,icon_set,5,Arrival in Hanoi & HK Buslines Transfer,262,[Icon Set Placeholder],"After arriving in Hanoi, the first priority is to complete airport formalities efficiently before beginning the overnight transfer to Sa Pa. This section focuses on a calm, organized arrival that sets the tone for the rest of the adventure. | Quick Facts | Arrival at Noi Bai International Airport","Vietnam Adventure 2026 travel handbook. Context: Chapter 5: Arrival in Hanoi & HK Buslines Transfer. Nearby handbook content: After arriving in Hanoi, the first priority is to complete airport formalities efficiently before beginning the overnight transfer to Sa Pa. This section focuses on a calm, organized arrival that sets the tone for the rest of the adventure. | Quick Facts | Arrival at Noi Bai International Airport. Create a cohesive set of six simple line icons for this chapter. Use one-color teal and navy styling, no text, clear at small print size.",False,Create as a consistent monochrome icon set.
ASSET-030,ready_for_generation,timeline_graphic,5,Arrival in Hanoi & HK Buslines Transfer,266,[Timeline Graphic Placeholder],"Arrival at Noi Bai International Airport | After landing on Philippine Airlines PR595, follow the signs to Immigration. Keep your passport, boarding pass, hotel details, and onward transportation information readily accessible to help the arrival process proceed smoothly. | Arrival Process Timeline","Vietnam Adventure 2026 travel handbook. Context: Chapter 5: Arrival in Hanoi & HK Buslines Transfer. Nearby handbook content: Arrival at Noi Bai International Airport | After landing on Philippine Airlines PR595, follow the signs to Immigration. Keep your passport, boarding pass, hotel details, and onward transportation information readily accessible to help the arrival process proceed smoothly. | Arrival Process Timeline. Create a clean horizontal travel timeline showing the sequence of events already described in the nearby content. Use short labels and restrained colors.",False,Create as a clean horizontal itinerary timeline.
ASSET-031,ready_for_generation,hero_image,5,Arrival in Hanoi & HK Buslines Transfer,277,[Hero Image Placeholder – Full-width chapter opener],Senior-Friendly Advice | Allow extra time for walking and baggage collection; request airport assistance if needed. | CHAPTER 5 – Block 1B,"Vietnam Adventure 2026 travel handbook. Context: Chapter 5: Arrival in Hanoi & HK Buslines Transfer. Nearby handbook content: Senior-Friendly Advice | Allow extra time for walking and baggage collection; request airport assistance if needed. | CHAPTER 5 – Block 1B. Create a premium documentary travel-photography hero image, landscape 16:9, authentic Vietnam setting relevant to the context, warm natural light, sophisticated editorial composition, no text, no logos, no watermarks, no collage.",False,Create as a 16:9 editorial travel image.
ASSET-032,ready_for_generation,hero_image,5,Arrival in Hanoi & HK Buslines Transfer,295,[Hero Image Placeholder – Full-width chapter opener],Budget Tip | Avoid exchanging all your money at the airport; compare rates later in the city. | CHAPTER 5 – Block 2,"Vietnam Adventure 2026 travel handbook. Context: Chapter 5: Arrival in Hanoi & HK Buslines Transfer. Nearby handbook content: Budget Tip | Avoid exchanging all your money at the airport; compare rates later in the city. | CHAPTER 5 – Block 2. Create a premium documentary travel-photography hero image, landscape 16:9, authentic Vietnam setting relevant to the context, warm natural light, sophisticated editorial composition, no text, no logos, no watermarks, no collage.",False,Create as a 16:9 editorial travel image.
ASSET-033,ready_for_generation,timeline_graphic,5,Arrival in Hanoi & HK Buslines Transfer,301,[Timeline Graphic Placeholder],"Finding HK Buslines | Exit the arrivals hall and proceed to Terminal 2, Pillar 01, the confirmed HK Buslines pickup location. | Airport-to-Bus Transfer Timeline","Vietnam Adventure 2026 travel handbook. Context: Chapter 5: Arrival in Hanoi & HK Buslines Transfer. Nearby handbook content: Finding HK Buslines | Exit the arrivals hall and proceed to Terminal 2, Pillar 01, the confirmed HK Buslines pickup location. | Airport-to-Bus Transfer Timeline. Create a clean horizontal travel timeline showing the sequence of events already described in the nearby content. Use short labels and restrained colors.",False,Create as a clean horizontal itinerary timeline.
ASSET-034,ready_for_generation,hero_image,5,Arrival in Hanoi & HK Buslines Transfer,319,[Hero Image Placeholder – Full-width chapter opener],Budget Tip | Purchase only essential snacks and save most spending for Sa Pa. | CHAPTER 5 – Block 3,"Vietnam Adventure 2026 travel handbook. Context: Chapter 5: Arrival in Hanoi & HK Buslines Transfer. Nearby handbook content: Budget Tip | Purchase only essential snacks and save most spending for Sa Pa. | CHAPTER 5 – Block 3. Create a premium documentary travel-photography hero image, landscape 16:9, authentic Vietnam setting relevant to the context, warm natural light, sophisticated editorial composition, no text, no logos, no watermarks, no collage.",False,Create as a 16:9 editorial travel image.
ASSET-035,ready_for_generation,timeline_graphic,5,Arrival in Hanoi & HK Buslines Transfer,324,[Timeline Graphic Placeholder],"HK Buslines Sleeper Bus Experience | The confirmed Lower Single Cabin provides greater privacy and comfort for the overnight journey. Expect reclining sleeping berths, air conditioning, scheduled rest stops, and limited access to checked luggage while the bus is in motion. | Overnight Journey Timeline","Vietnam Adventure 2026 travel handbook. Context: Chapter 5: Arrival in Hanoi & HK Buslines Transfer. Nearby handbook content: HK Buslines Sleeper Bus Experience | The confirmed Lower Single Cabin provides greater privacy and comfort for the overnight journey. Expect reclining sleeping berths, air conditioning, scheduled rest stops, and limited access to checked luggage while the bus is in motion. | Overnight Journey Timeline. Create a clean horizontal travel timeline showing the sequence of events already described in the nearby content. Use short labels and restrained colors.",False,Create as a clean horizontal itinerary timeline.
ASSET-036,ready_for_generation,hero_image,5,Arrival in Hanoi & HK Buslines Transfer,351,[Hero Image Placeholder – Full-width chapter opener],Budget Tip | Bring small denomination cash for refreshments during rest stops. | CHAPTER 5 – Block 4,"Vietnam Adventure 2026 travel handbook. Context: Chapter 5: Arrival in Hanoi & HK Buslines Transfer. Nearby handbook content: Budget Tip | Bring small denomination cash for refreshments during rest stops. | CHAPTER 5 – Block 4. Create a premium documentary travel-photography hero image, landscape 16:9, authentic Vietnam setting relevant to the context, warm natural light, sophisticated editorial composition, no text, no logos, no watermarks, no collage.",False,Create as a 16:9 editorial travel image.
ASSET-037,ready_for_generation,hero_image,6,Sa Pa Arrival & Orientation,388,[Hero Image Placeholder – Full-width chapter opener],"CHAPTER 6 | Sa Pa Arrival & Orientation | ""Every mountain journey deserves a gentle beginning.""","Vietnam Adventure 2026 travel handbook. Context: Chapter 6: Sa Pa Arrival & Orientation. Nearby handbook content: CHAPTER 6 | Sa Pa Arrival & Orientation | ""Every mountain journey deserves a gentle beginning."". Create a premium documentary travel-photography hero image, landscape 16:9, authentic Vietnam setting relevant to the context, warm natural light, sophisticated editorial composition, no text, no logos, no watermarks, no collage.",False,Create as a 16:9 editorial travel image.
ASSET-038,ready_for_generation,navigation_panel,6,Sa Pa Arrival & Orientation,392,[Navigation Panel Placeholder | Chapter Overview | Key Stops | QR],"Sa Pa Arrival & Orientation | ""Every mountain journey deserves a gentle beginning."" | Editor's Introduction","Vietnam Adventure 2026 travel handbook. Context: Chapter 6: Sa Pa Arrival & Orientation. Nearby handbook content: Sa Pa Arrival & Orientation | ""Every mountain journey deserves a gentle beginning."" | Editor's Introduction. Create concise content for a polished navigation panel with three labeled areas: Chapter Overview, Key Stops, and QR Destination. Use only facts established in the nearby content; mark uncertain facts as review-needed.",False,Create as a structured Word callout panel.
ASSET-039,ready_for_generation,icon_set,6,Sa Pa Arrival & Orientation,395,[Icon Set Placeholder],"After the overnight transfer from Hanoi, your arrival in Sa Pa marks the beginning of the mountain portion of the adventure. This opening section focuses on arriving comfortably, settling into the slower pace of the town, and preparing for the days ahead. | Quick Facts | First Impressions of Sa Pa","Vietnam Adventure 2026 travel handbook. Context: Chapter 6: Sa Pa Arrival & Orientation. Nearby handbook content: After the overnight transfer from Hanoi, your arrival in Sa Pa marks the beginning of the mountain portion of the adventure. This opening section focuses on arriving comfortably, settling into the slower pace of the town, and preparing for the days ahead. | Quick Facts | First Impressions of Sa Pa. Create a cohesive set of six simple line icons for this chapter. Use one-color teal and navy styling, no text, clear at small print size.",False,Create as a consistent monochrome icon set.
ASSET-040,ready_for_generation,timeline_graphic,6,Sa Pa Arrival & Orientation,401,[Timeline Graphic Placeholder],"Arriving at the HK Buslines Drop-off Point | Before leaving the bus, collect all luggage and confirm that passports, wallets, phones, chargers, and other personal belongings are accounted for. | Arrival in Sa Pa Timeline","Vietnam Adventure 2026 travel handbook. Context: Chapter 6: Sa Pa Arrival & Orientation. Nearby handbook content: Arriving at the HK Buslines Drop-off Point | Before leaving the bus, collect all luggage and confirm that passports, wallets, phones, chargers, and other personal belongings are accounted for. | Arrival in Sa Pa Timeline. Create a clean horizontal travel timeline showing the sequence of events already described in the nearby content. Use short labels and restrained colors.",False,Create as a clean horizontal itinerary timeline.
ASSET-041,ready_for_generation,hero_image,6,Sa Pa Arrival & Orientation,412,[Hero Image Placeholder – Full-width chapter opener],Senior-Friendly Advice | Allow extra time for walking and use local transport if carrying heavy luggage or navigating steep roads. | CHAPTER 6 – Block 1B,"Vietnam Adventure 2026 travel handbook. Context: Chapter 6: Sa Pa Arrival & Orientation. Nearby handbook content: Senior-Friendly Advice | Allow extra time for walking and use local transport if carrying heavy luggage or navigating steep roads. | CHAPTER 6 – Block 1B. Create a premium documentary travel-photography hero image, landscape 16:9, authentic Vietnam setting relevant to the context, warm natural light, sophisticated editorial composition, no text, no logos, no watermarks, no collage.",False,Create as a 16:9 editorial travel image.
ASSET-042,ready_for_generation,hero_image,6,Sa Pa Arrival & Orientation,430,[Hero Image Placeholder – Full-width chapter opener],Budget Tip | Walking can save transport costs when conditions are favorable. | CHAPTER 6 – Block 2,"Vietnam Adventure 2026 travel handbook. Context: Chapter 6: Sa Pa Arrival & Orientation. Nearby handbook content: Budget Tip | Walking can save transport costs when conditions are favorable. | CHAPTER 6 – Block 2. Create a premium documentary travel-photography hero image, landscape 16:9, authentic Vietnam setting relevant to the context, warm natural light, sophisticated editorial composition, no text, no logos, no watermarks, no collage.",False,Create as a 16:9 editorial travel image.
ASSET-043,ready_for_generation,hero_image,6,Sa Pa Arrival & Orientation,451,[Hero Image Placeholder – Full-width chapter opener],Budget Tip | Walking to nearby establishments can reduce transport expenses. | CHAPTER 6 – Block 3,"Vietnam Adventure 2026 travel handbook. Context: Chapter 6: Sa Pa Arrival & Orientation. Nearby handbook content: Budget Tip | Walking to nearby establishments can reduce transport expenses. | CHAPTER 6 – Block 3. Create a premium documentary travel-photography hero image, landscape 16:9, authentic Vietnam setting relevant to the context, warm natural light, sophisticated editorial composition, no text, no logos, no watermarks, no collage.",False,Create as a 16:9 editorial travel image.
ASSET-044,ready_for_generation,hero_image,6,Sa Pa Arrival & Orientation,472,[Hero Image Placeholder – Full-width chapter opener],Budget Tip | Walking short distances helps save transportation costs. | CHAPTER 6 – Block 4,"Vietnam Adventure 2026 travel handbook. Context: Chapter 6: Sa Pa Arrival & Orientation. Nearby handbook content: Budget Tip | Walking short distances helps save transportation costs. | CHAPTER 6 – Block 4. Create a premium documentary travel-photography hero image, landscape 16:9, authentic Vietnam setting relevant to the context, warm natural light, sophisticated editorial composition, no text, no logos, no watermarks, no collage.",False,Create as a 16:9 editorial travel image.
ASSET-045,ready_for_generation,hero_image,7,Exploring Sa Pa Town,508,[Hero Image Placeholder – Full-width chapter opener],"CHAPTER 7 | Exploring Sa Pa Town | ""The best way to discover Sa Pa is one relaxed step at a time.""","Vietnam Adventure 2026 travel handbook. Context: Chapter 7: Exploring Sa Pa Town. Nearby handbook content: CHAPTER 7 | Exploring Sa Pa Town | ""The best way to discover Sa Pa is one relaxed step at a time."". Create a premium documentary travel-photography hero image, landscape 16:9, authentic Vietnam setting relevant to the context, warm natural light, sophisticated editorial composition, no text, no logos, no watermarks, no collage.",False,Create as a 16:9 editorial travel image.
ASSET-046,ready_for_generation,navigation_panel,7,Exploring Sa Pa Town,512,[Navigation Panel Placeholder | Chapter Overview | Key Stops | QR],"Exploring Sa Pa Town | ""The best way to discover Sa Pa is one relaxed step at a time."" | Editor's Introduction","Vietnam Adventure 2026 travel handbook. Context: Chapter 7: Exploring Sa Pa Town. Nearby handbook content: Exploring Sa Pa Town | ""The best way to discover Sa Pa is one relaxed step at a time."" | Editor's Introduction. Create concise content for a polished navigation panel with three labeled areas: Chapter Overview, Key Stops, and QR Destination. Use only facts established in the nearby content; mark uncertain facts as review-needed.",False,Create as a structured Word callout panel.
ASSET-047,ready_for_generation,icon_set,7,Exploring Sa Pa Town,515,[Icon Set Placeholder],"Sa Pa Town is best appreciated at a leisurely pace. This chapter introduces a gentle walking experience focused on scenic streets, cafés, markets, and the welcoming atmosphere of the mountain town. Dedicated chapters cover Fansipan and other optional excursions separately. | Quick Facts | Introduction to Sa Pa Town","Vietnam Adventure 2026 travel handbook. Context: Chapter 7: Exploring Sa Pa Town. Nearby handbook content: Sa Pa Town is best appreciated at a leisurely pace. This chapter introduces a gentle walking experience focused on scenic streets, cafés, markets, and the welcoming atmosphere of the mountain town. Dedicated chapters cover Fansipan and other optional excursions separately. | Quick Facts | Introduction to Sa Pa Town. Create a cohesive set of six simple line icons for this chapter. Use one-color teal and navy styling, no text, clear at small print size.",False,Create as a consistent monochrome icon set.
ASSET-048,ready_for_generation,route_map,7,Exploring Sa Pa Town,520,[Map / Route Diagram Placeholder],"Sa Pa Town blends mountain scenery, local culture, cafés, markets, and relaxed streets. This walking-oriented chapter emphasizes enjoying the atmosphere without rushing, while leaving Fansipan and Rong May Glass Bridge to their dedicated chapters. | Walking Tour Overview | Suggested Route","Vietnam Adventure 2026 travel handbook. Context: Chapter 7: Exploring Sa Pa Town. Nearby handbook content: Sa Pa Town blends mountain scenery, local culture, cafés, markets, and relaxed streets. This walking-oriented chapter emphasizes enjoying the atmosphere without rushing, while leaving Fansipan and Rong May Glass Bridge to their dedicated chapters. | Walking Tour Overview | Suggested Route. Create a simplified editorial route diagram showing only the locations and movement stated in the nearby content. Do not invent geography or routes.",False,"Create as a simplified route diagram, not a navigation map."
ASSET-049,ready_for_generation,hero_image,7,Exploring Sa Pa Town,533,[Hero Image Placeholder – Full-width chapter opener],Senior-Friendly Advice | Plan frequent café breaks and avoid steep uphill walks when possible. | CHAPTER 7 – Block 1B,"Vietnam Adventure 2026 travel handbook. Context: Chapter 7: Exploring Sa Pa Town. Nearby handbook content: Senior-Friendly Advice | Plan frequent café breaks and avoid steep uphill walks when possible. | CHAPTER 7 – Block 1B. Create a premium documentary travel-photography hero image, landscape 16:9, authentic Vietnam setting relevant to the context, warm natural light, sophisticated editorial composition, no text, no logos, no watermarks, no collage.",False,Create as a 16:9 editorial travel image.
ASSET-050,ready_for_generation,hero_image,7,Exploring Sa Pa Town,549,[Hero Image Placeholder – Full-width chapter opener],Senior-Friendly Advice | Schedule café breaks and avoid extended uphill walks without rest. | CHAPTER 7 – Block 2,"Vietnam Adventure 2026 travel handbook. Context: Chapter 7: Exploring Sa Pa Town. Nearby handbook content: Senior-Friendly Advice | Schedule café breaks and avoid extended uphill walks without rest. | CHAPTER 7 – Block 2. Create a premium documentary travel-photography hero image, landscape 16:9, authentic Vietnam setting relevant to the context, warm natural light, sophisticated editorial composition, no text, no logos, no watermarks, no collage.",False,Create as a 16:9 editorial travel image.
ASSET-051,ready_for_generation,hero_image,7,Exploring Sa Pa Town,569,[Hero Image Placeholder – Full-width chapter opener],Budget Tip | Walking between attractions minimizes transportation costs. | CHAPTER 7 – Block 3,"Vietnam Adventure 2026 travel handbook. Context: Chapter 7: Exploring Sa Pa Town. Nearby handbook content: Budget Tip | Walking between attractions minimizes transportation costs. | CHAPTER 7 – Block 3. Create a premium documentary travel-photography hero image, landscape 16:9, authentic Vietnam setting relevant to the context, warm natural light, sophisticated editorial composition, no text, no logos, no watermarks, no collage.",False,Create as a 16:9 editorial travel image.
ASSET-052,ready_for_generation,hero_image,8,Fansipan – The Roof of Indochina,607,[Hero Image Placeholder – Full-width chapter opener],"CHAPTER 8 | Fansipan – The Roof of Indochina | ""Reach the highest point in Indochina with comfort, preparation, and unforgettable views.""","Vietnam Adventure 2026 travel handbook. Context: Chapter 8: Fansipan – The Roof of Indochina. Nearby handbook content: CHAPTER 8 | Fansipan – The Roof of Indochina | ""Reach the highest point in Indochina with comfort, preparation, and unforgettable views."". Create a premium documentary travel-photography hero image, landscape 16:9, authentic Vietnam setting relevant to the context, warm natural light, sophisticated editorial composition, no text, no logos, no watermarks, no collage.",False,Create as a 16:9 editorial travel image.
ASSET-053,ready_for_generation,navigation_panel,8,Fansipan – The Roof of Indochina,611,[Navigation Panel Placeholder | Chapter Overview | Key Stops | QR],"Fansipan – The Roof of Indochina | ""Reach the highest point in Indochina with comfort, preparation, and unforgettable views."" | Editor's Introduction","Vietnam Adventure 2026 travel handbook. Context: Chapter 8: Fansipan – The Roof of Indochina. Nearby handbook content: Fansipan – The Roof of Indochina | ""Reach the highest point in Indochina with comfort, preparation, and unforgettable views."" | Editor's Introduction. Create concise content for a polished navigation panel with three labeled areas: Chapter Overview, Key Stops, and QR Destination. Use only facts established in the nearby content; mark uncertain facts as review-needed.",False,Create as a structured Word callout panel.
ASSET-054,ready_for_generation,icon_set,8,Fansipan – The Roof of Indochina,614,[Icon Set Placeholder],"Fansipan is the signature highlight of this itinerary. Modern transportation allows travelers to enjoy Vietnam's highest peak while minimizing strenuous climbing, making it suitable for a wide range of visitors. | Quick Facts | Introduction to Fansipan","Vietnam Adventure 2026 travel handbook. Context: Chapter 8: Fansipan – The Roof of Indochina. Nearby handbook content: Fansipan is the signature highlight of this itinerary. Modern transportation allows travelers to enjoy Vietnam's highest peak while minimizing strenuous climbing, making it suitable for a wide range of visitors. | Quick Facts | Introduction to Fansipan. Create a cohesive set of six simple line icons for this chapter. Use one-color teal and navy styling, no text, clear at small print size.",False,Create as a consistent monochrome icon set.
ASSET-055,ready_for_generation,hero_image,8,Fansipan – The Roof of Indochina,630,[Hero Image Placeholder – Full-width chapter opener],"Senior-Friendly Advice | Use the complete railway, cable car, and Peak Rail combination to reduce strenuous walking. | CHAPTER 8 – Block 1B","Vietnam Adventure 2026 travel handbook. Context: Chapter 8: Fansipan – The Roof of Indochina. Nearby handbook content: Senior-Friendly Advice | Use the complete railway, cable car, and Peak Rail combination to reduce strenuous walking. | CHAPTER 8 – Block 1B. Create a premium documentary travel-photography hero image, landscape 16:9, authentic Vietnam setting relevant to the context, warm natural light, sophisticated editorial composition, no text, no logos, no watermarks, no collage.",False,Create as a 16:9 editorial travel image.
ASSET-056,ready_for_generation,hero_image,8,Fansipan – The Roof of Indochina,649,[Hero Image Placeholder – Full-width chapter opener],Budget Tip | Plan transportation costs before departure. | CHAPTER 8 – Block 2,"Vietnam Adventure 2026 travel handbook. Context: Chapter 8: Fansipan – The Roof of Indochina. Nearby handbook content: Budget Tip | Plan transportation costs before departure. | CHAPTER 8 – Block 2. Create a premium documentary travel-photography hero image, landscape 16:9, authentic Vietnam setting relevant to the context, warm natural light, sophisticated editorial composition, no text, no logos, no watermarks, no collage.",False,Create as a 16:9 editorial travel image.
ASSET-057,ready_for_generation,hero_image,8,Fansipan – The Roof of Indochina,671,[Hero Image Placeholder – Full-width chapter opener],Senior-Friendly Advice | Use handrails and take breaks between summit attractions. | CHAPTER 8 – Block 3,"Vietnam Adventure 2026 travel handbook. Context: Chapter 8: Fansipan – The Roof of Indochina. Nearby handbook content: Senior-Friendly Advice | Use handrails and take breaks between summit attractions. | CHAPTER 8 – Block 3. Create a premium documentary travel-photography hero image, landscape 16:9, authentic Vietnam setting relevant to the context, warm natural light, sophisticated editorial composition, no text, no logos, no watermarks, no collage.",False,Create as a 16:9 editorial travel image.
ASSET-058,ready_for_generation,hero_image,9,Food & Coffee in Sa Pa,710,[Hero Image Placeholder – Full-width chapter opener],"CHAPTER 9 | Food & Coffee in Sa Pa | ""The flavors of Sa Pa are best enjoyed slowly, surrounded by cool mountain air.""","Vietnam Adventure 2026 travel handbook. Context: Chapter 9: Food & Coffee in Sa Pa. Nearby handbook content: CHAPTER 9 | Food & Coffee in Sa Pa | ""The flavors of Sa Pa are best enjoyed slowly, surrounded by cool mountain air."". Create a premium documentary travel-photography hero image, landscape 16:9, authentic Vietnam setting relevant to the context, warm natural light, sophisticated editorial composition, no text, no logos, no watermarks, no collage.",False,Create as a 16:9 editorial travel image.
ASSET-059,ready_for_generation,navigation_panel,9,Food & Coffee in Sa Pa,714,[Navigation Panel Placeholder | Chapter Overview | Key Stops | QR],"Food & Coffee in Sa Pa | ""The flavors of Sa Pa are best enjoyed slowly, surrounded by cool mountain air."" | Editor's Introduction","Vietnam Adventure 2026 travel handbook. Context: Chapter 9: Food & Coffee in Sa Pa. Nearby handbook content: Food & Coffee in Sa Pa | ""The flavors of Sa Pa are best enjoyed slowly, surrounded by cool mountain air."" | Editor's Introduction. Create concise content for a polished navigation panel with three labeled areas: Chapter Overview, Key Stops, and QR Destination. Use only facts established in the nearby content; mark uncertain facts as review-needed.",False,Create as a structured Word callout panel.
ASSET-060,ready_for_generation,icon_set,9,Food & Coffee in Sa Pa,717,[Icon Set Placeholder],Sa Pa's culinary scene reflects its cool mountain climate and local traditions. This chapter introduces the region's signature dishes and coffee culture while encouraging relaxed dining experiences between sightseeing activities. | Quick Facts | Introduction to Sa Pa Cuisine,"Vietnam Adventure 2026 travel handbook. Context: Chapter 9: Food & Coffee in Sa Pa. Nearby handbook content: Sa Pa's culinary scene reflects its cool mountain climate and local traditions. This chapter introduces the region's signature dishes and coffee culture while encouraging relaxed dining experiences between sightseeing activities. | Quick Facts | Introduction to Sa Pa Cuisine. Create a cohesive set of six simple line icons for this chapter. Use one-color teal and navy styling, no text, clear at small print size.",False,Create as a consistent monochrome icon set.
ASSET-061,ready_for_generation,hero_image,9,Food & Coffee in Sa Pa,733,[Hero Image Placeholder – Full-width chapter opener],Senior-Friendly Advice | Choose restaurants with comfortable seating and allow time to rest between meals. | CHAPTER 9 – Block 1B,"Vietnam Adventure 2026 travel handbook. Context: Chapter 9: Food & Coffee in Sa Pa. Nearby handbook content: Senior-Friendly Advice | Choose restaurants with comfortable seating and allow time to rest between meals. | CHAPTER 9 – Block 1B. Create a premium documentary travel-photography hero image, landscape 16:9, authentic Vietnam setting relevant to the context, warm natural light, sophisticated editorial composition, no text, no logos, no watermarks, no collage.",False,Create as a 16:9 editorial travel image.
ASSET-062,ready_for_generation,hero_image,9,Food & Coffee in Sa Pa,753,[Hero Image Placeholder – Full-width chapter opener],Budget Tip | Shared hotpot meals can offer good value for groups. | CHAPTER 9 – Block 2,"Vietnam Adventure 2026 travel handbook. Context: Chapter 9: Food & Coffee in Sa Pa. Nearby handbook content: Budget Tip | Shared hotpot meals can offer good value for groups. | CHAPTER 9 – Block 2. Create a premium documentary travel-photography hero image, landscape 16:9, authentic Vietnam setting relevant to the context, warm natural light, sophisticated editorial composition, no text, no logos, no watermarks, no collage.",False,Create as a 16:9 editorial travel image.
ASSET-063,ready_for_generation,travel_budget_planner,9,Food & Coffee in Sa Pa,764,[Travel Planner / Budget Planner Placeholder],Restaurant Comparison | Budget Planner | Food Safety Checklist,"Vietnam Adventure 2026 travel handbook. Context: Chapter 9: Food & Coffee in Sa Pa. Nearby handbook content: Restaurant Comparison | Budget Planner | Food Safety Checklist. Create a printable trip-and-budget planning worksheet with realistic empty fields for dates, transport, accommodation, meals, activities, and contingency.",False,Create as a printable planning worksheet.
ASSET-064,ready_for_generation,hero_image,9,Food & Coffee in Sa Pa,781,[Hero Image Placeholder – Full-width chapter opener],Budget Tip | Carry cash for smaller cafés and local eateries. | CHAPTER 9 – Block 3,"Vietnam Adventure 2026 travel handbook. Context: Chapter 9: Food & Coffee in Sa Pa. Nearby handbook content: Budget Tip | Carry cash for smaller cafés and local eateries. | CHAPTER 9 – Block 3. Create a premium documentary travel-photography hero image, landscape 16:9, authentic Vietnam setting relevant to the context, warm natural light, sophisticated editorial composition, no text, no logos, no watermarks, no collage.",False,Create as a 16:9 editorial travel image.
ASSET-065,ready_for_generation,hero_image,10,Returning to Hanoi,815,[Hero Image Placeholder – Full-width chapter opener],"CHAPTER 10 | Returning to Hanoi | ""Every memorable journey includes a thoughtful return.""","Vietnam Adventure 2026 travel handbook. Context: Chapter 10: Returning to Hanoi. Nearby handbook content: CHAPTER 10 | Returning to Hanoi | ""Every memorable journey includes a thoughtful return."". Create a premium documentary travel-photography hero image, landscape 16:9, authentic Vietnam setting relevant to the context, warm natural light, sophisticated editorial composition, no text, no logos, no watermarks, no collage.",False,Create as a 16:9 editorial travel image.
ASSET-066,ready_for_generation,navigation_panel,10,Returning to Hanoi,819,[Navigation Panel Placeholder | Chapter Overview | Key Stops | QR],"Returning to Hanoi | ""Every memorable journey includes a thoughtful return."" | Editor's Introduction","Vietnam Adventure 2026 travel handbook. Context: Chapter 10: Returning to Hanoi. Nearby handbook content: Returning to Hanoi | ""Every memorable journey includes a thoughtful return."" | Editor's Introduction. Create concise content for a polished navigation panel with three labeled areas: Chapter Overview, Key Stops, and QR Destination. Use only facts established in the nearby content; mark uncertain facts as review-needed.",False,Create as a structured Word callout panel.
ASSET-067,ready_for_generation,icon_set,10,Returning to Hanoi,822,[Icon Set Placeholder],The return from Sa Pa to Hanoi marks the transition from mountain landscapes to Vietnam's historic capital. A calm departure and organized transfer help ensure a smooth continuation of the itinerary. | Quick Facts | Departure from Sa Pa,"Vietnam Adventure 2026 travel handbook. Context: Chapter 10: Returning to Hanoi. Nearby handbook content: The return from Sa Pa to Hanoi marks the transition from mountain landscapes to Vietnam's historic capital. A calm departure and organized transfer help ensure a smooth continuation of the itinerary. | Quick Facts | Departure from Sa Pa. Create a cohesive set of six simple line icons for this chapter. Use one-color teal and navy styling, no text, clear at small print size.",False,Create as a consistent monochrome icon set.
ASSET-068,ready_for_generation,timeline_graphic,10,Returning to Hanoi,826,[Timeline Graphic Placeholder],"Departure from Sa Pa | Begin the day with a relaxed breakfast, complete hotel check-out, and allow sufficient time to reach the HK Buslines boarding point. Keep passports, valuables, and essential travel documents in your day bag. | Departure from Sa Pa Timeline","Vietnam Adventure 2026 travel handbook. Context: Chapter 10: Returning to Hanoi. Nearby handbook content: Departure from Sa Pa | Begin the day with a relaxed breakfast, complete hotel check-out, and allow sufficient time to reach the HK Buslines boarding point. Keep passports, valuables, and essential travel documents in your day bag. | Departure from Sa Pa Timeline. Create a clean horizontal travel timeline showing the sequence of events already described in the nearby content. Use short labels and restrained colors.",False,Create as a clean horizontal itinerary timeline.
ASSET-069,ready_for_generation,hero_image,10,Returning to Hanoi,846,[Hero Image Placeholder – Full-width chapter opener],Senior-Friendly Advice | Allow extra time for boarding and minimize heavy lifting. | CHAPTER 10 – Block 1B,"Vietnam Adventure 2026 travel handbook. Context: Chapter 10: Returning to Hanoi. Nearby handbook content: Senior-Friendly Advice | Allow extra time for boarding and minimize heavy lifting. | CHAPTER 10 – Block 1B. Create a premium documentary travel-photography hero image, landscape 16:9, authentic Vietnam setting relevant to the context, warm natural light, sophisticated editorial composition, no text, no logos, no watermarks, no collage.",False,Create as a 16:9 editorial travel image.
ASSET-070,ready_for_generation,timeline_graphic,10,Returning to Hanoi,851,[Timeline Graphic Placeholder],"Arrival at Hanoi Old Quarter Drop-off Point | After arriving, collect all luggage before leaving the coach. Verify passports, phones, wallets, chargers, and souvenirs before continuing to the hotel. | Arrival in Hanoi Timeline","Vietnam Adventure 2026 travel handbook. Context: Chapter 10: Returning to Hanoi. Nearby handbook content: Arrival at Hanoi Old Quarter Drop-off Point | After arriving, collect all luggage before leaving the coach. Verify passports, phones, wallets, chargers, and souvenirs before continuing to the hotel. | Arrival in Hanoi Timeline. Create a clean horizontal travel timeline showing the sequence of events already described in the nearby content. Use short labels and restrained colors.",False,Create as a clean horizontal itinerary timeline.
ASSET-071,ready_for_generation,hero_image,10,Returning to Hanoi,871,[Hero Image Placeholder – Full-width chapter opener],Budget Tip | Walking can save transport costs when luggage is light. | CHAPTER 10 – Block 2,"Vietnam Adventure 2026 travel handbook. Context: Chapter 10: Returning to Hanoi. Nearby handbook content: Budget Tip | Walking can save transport costs when luggage is light. | CHAPTER 10 – Block 2. Create a premium documentary travel-photography hero image, landscape 16:9, authentic Vietnam setting relevant to the context, warm natural light, sophisticated editorial composition, no text, no logos, no watermarks, no collage.",False,Create as a 16:9 editorial travel image.
ASSET-072,ready_for_generation,hero_image,10,Returning to Hanoi,893,[Hero Image Placeholder – Full-width chapter opener],Budget Tip | Walking is the most economical option within the Old Quarter. | CHAPTER 10 – Block 3,"Vietnam Adventure 2026 travel handbook. Context: Chapter 10: Returning to Hanoi. Nearby handbook content: Budget Tip | Walking is the most economical option within the Old Quarter. | CHAPTER 10 – Block 3. Create a premium documentary travel-photography hero image, landscape 16:9, authentic Vietnam setting relevant to the context, warm natural light, sophisticated editorial composition, no text, no logos, no watermarks, no collage.",False,Create as a 16:9 editorial travel image.
ASSET-073,ready_for_generation,hero_image,11,Exploring Hanoi,933,[Hero Image Placeholder – Full-width chapter opener],"CHAPTER 11 | Exploring Hanoi | ""Every street in Hanoi tells a story waiting to be discovered on foot.""","Vietnam Adventure 2026 travel handbook. Context: Chapter 11: Exploring Hanoi. Nearby handbook content: CHAPTER 11 | Exploring Hanoi | ""Every street in Hanoi tells a story waiting to be discovered on foot."". Create a premium documentary travel-photography hero image, landscape 16:9, authentic Vietnam setting relevant to the context, warm natural light, sophisticated editorial composition, no text, no logos, no watermarks, no collage.",False,Create as a 16:9 editorial travel image.
ASSET-074,ready_for_generation,navigation_panel,11,Exploring Hanoi,937,[Navigation Panel Placeholder | Chapter Overview | Key Stops | QR],"Exploring Hanoi | ""Every street in Hanoi tells a story waiting to be discovered on foot."" | Editor's Introduction","Vietnam Adventure 2026 travel handbook. Context: Chapter 11: Exploring Hanoi. Nearby handbook content: Exploring Hanoi | ""Every street in Hanoi tells a story waiting to be discovered on foot."" | Editor's Introduction. Create concise content for a polished navigation panel with three labeled areas: Chapter Overview, Key Stops, and QR Destination. Use only facts established in the nearby content; mark uncertain facts as review-needed.",False,Create as a structured Word callout panel.
ASSET-075,ready_for_generation,icon_set,11,Exploring Hanoi,940,[Icon Set Placeholder],Hanoi blends centuries of history with vibrant daily life. This chapter introduces a relaxed walking itinerary focused on the city's most iconic cultural landmarks while maintaining a comfortable pace. | Quick Facts | Introduction to Hanoi,"Vietnam Adventure 2026 travel handbook. Context: Chapter 11: Exploring Hanoi. Nearby handbook content: Hanoi blends centuries of history with vibrant daily life. This chapter introduces a relaxed walking itinerary focused on the city's most iconic cultural landmarks while maintaining a comfortable pace. | Quick Facts | Introduction to Hanoi. Create a cohesive set of six simple line icons for this chapter. Use one-color teal and navy styling, no text, clear at small print size.",False,Create as a consistent monochrome icon set.
ASSET-076,ready_for_generation,hero_image,11,Exploring Hanoi,956,[Hero Image Placeholder – Full-width chapter opener],Senior-Friendly Advice | Plan regular rest breaks and use Grab whenever walking becomes tiring. | CHAPTER 11 – Block 1B,"Vietnam Adventure 2026 travel handbook. Context: Chapter 11: Exploring Hanoi. Nearby handbook content: Senior-Friendly Advice | Plan regular rest breaks and use Grab whenever walking becomes tiring. | CHAPTER 11 – Block 1B. Create a premium documentary travel-photography hero image, landscape 16:9, authentic Vietnam setting relevant to the context, warm natural light, sophisticated editorial composition, no text, no logos, no watermarks, no collage.",False,Create as a 16:9 editorial travel image.
ASSET-077,ready_for_generation,hero_image,11,Exploring Hanoi,972,[Hero Image Placeholder – Full-width chapter opener],Senior-Friendly Advice | Use Grab between attractions if additional walking becomes tiring. | CHAPTER 11 – Block 2,"Vietnam Adventure 2026 travel handbook. Context: Chapter 11: Exploring Hanoi. Nearby handbook content: Senior-Friendly Advice | Use Grab between attractions if additional walking becomes tiring. | CHAPTER 11 – Block 2. Create a premium documentary travel-photography hero image, landscape 16:9, authentic Vietnam setting relevant to the context, warm natural light, sophisticated editorial composition, no text, no logos, no watermarks, no collage.",False,Create as a 16:9 editorial travel image.
ASSET-078,ready_for_generation,travel_budget_planner,11,Exploring Hanoi,978,[Travel Planner / Budget Planner Placeholder],Weather & Clothing | Photography Planning | Budget Estimates,"Vietnam Adventure 2026 travel handbook. Context: Chapter 11: Exploring Hanoi. Nearby handbook content: Weather & Clothing | Photography Planning | Budget Estimates. Create a printable trip-and-budget planning worksheet with realistic empty fields for dates, transport, accommodation, meals, activities, and contingency.",False,Create as a printable planning worksheet.
ASSET-079,ready_for_generation,hero_image,11,Exploring Hanoi,990,[Hero Image Placeholder – Full-width chapter opener],Budget Tip | Track expenses as you go. | CHAPTER 11 – Block 3,"Vietnam Adventure 2026 travel handbook. Context: Chapter 11: Exploring Hanoi. Nearby handbook content: Budget Tip | Track expenses as you go. | CHAPTER 11 – Block 3. Create a premium documentary travel-photography hero image, landscape 16:9, authentic Vietnam setting relevant to the context, warm natural light, sophisticated editorial composition, no text, no logos, no watermarks, no collage.",False,Create as a 16:9 editorial travel image.
ASSET-080,ready_for_generation,hero_image,12,Ninh Bình Day Trip (Optional),1030,[Hero Image Placeholder – Full-width chapter opener],"CHAPTER 12 | Ninh Bình Day Trip (Optional) | ""Some journeys are unforgettable because they remain an option, not an obligation.""","Vietnam Adventure 2026 travel handbook. Context: Chapter 12: Ninh Bình Day Trip (Optional). Nearby handbook content: CHAPTER 12 | Ninh Bình Day Trip (Optional) | ""Some journeys are unforgettable because they remain an option, not an obligation."". Create a premium documentary travel-photography hero image, landscape 16:9, authentic Vietnam setting relevant to the context, warm natural light, sophisticated editorial composition, no text, no logos, no watermarks, no collage.",False,Create as a 16:9 editorial travel image.
ASSET-081,ready_for_generation,navigation_panel,12,Ninh Bình Day Trip (Optional),1034,[Navigation Panel Placeholder | Chapter Overview | Key Stops | QR],"Ninh Bình Day Trip (Optional) | ""Some journeys are unforgettable because they remain an option, not an obligation."" | Editor's Introduction","Vietnam Adventure 2026 travel handbook. Context: Chapter 12: Ninh Bình Day Trip (Optional). Nearby handbook content: Ninh Bình Day Trip (Optional) | ""Some journeys are unforgettable because they remain an option, not an obligation."" | Editor's Introduction. Create concise content for a polished navigation panel with three labeled areas: Chapter Overview, Key Stops, and QR Destination. Use only facts established in the nearby content; mark uncertain facts as review-needed.",False,Create as a structured Word callout panel.
ASSET-082,ready_for_generation,icon_set,12,Ninh Bình Day Trip (Optional),1037,[Icon Set Placeholder],"Ninh Bình offers dramatic limestone landscapes, tranquil rivers, and historic sites. Within this handbook it is presented as an optional full-day excursion that complements—rather than replaces—the core Hanoi and Sa Pa itinerary. | Quick Facts | Introduction to Ninh Bình","Vietnam Adventure 2026 travel handbook. Context: Chapter 12: Ninh Bình Day Trip (Optional). Nearby handbook content: Ninh Bình offers dramatic limestone landscapes, tranquil rivers, and historic sites. Within this handbook it is presented as an optional full-day excursion that complements—rather than replaces—the core Hanoi and Sa Pa itinerary. | Quick Facts | Introduction to Ninh Bình. Create a cohesive set of six simple line icons for this chapter. Use one-color teal and navy styling, no text, clear at small print size.",False,Create as a consistent monochrome icon set.
ASSET-083,ready_for_generation,hero_image,12,Ninh Bình Day Trip (Optional),1053,[Hero Image Placeholder – Full-width chapter opener],Senior-Friendly Advice | Skip the optional Múa Cave climb if comfort or mobility is a concern. | CHAPTER 12 – Block 1B,"Vietnam Adventure 2026 travel handbook. Context: Chapter 12: Ninh Bình Day Trip (Optional). Nearby handbook content: Senior-Friendly Advice | Skip the optional Múa Cave climb if comfort or mobility is a concern. | CHAPTER 12 – Block 1B. Create a premium documentary travel-photography hero image, landscape 16:9, authentic Vietnam setting relevant to the context, warm natural light, sophisticated editorial composition, no text, no logos, no watermarks, no collage.",False,Create as a 16:9 editorial travel image.
ASSET-084,ready_for_generation,route_map,12,Ninh Bình Day Trip (Optional),1059,[Map / Route Diagram Placeholder],Suggested Day Itinerary | 07:00 Depart Hanoi → 09:30 Tràng An or Tam Cốc → 12:30 Lunch → 14:00 Hoa Lư → 16:00 Múa Cave (optional climb) → 19:00 Return to Hanoi | Route Overview,Vietnam Adventure 2026 travel handbook. Context: Chapter 12: Ninh Bình Day Trip (Optional). Nearby handbook content: Suggested Day Itinerary | 07:00 Depart Hanoi → 09:30 Tràng An or Tam Cốc → 12:30 Lunch → 14:00 Hoa Lư → 16:00 Múa Cave (optional climb) → 19:00 Return to Hanoi | Route Overview. Create a simplified editorial route diagram showing only the locations and movement stated in the nearby content. Do not invent geography or routes.,False,"Create as a simplified route diagram, not a navigation map."
ASSET-085,ready_for_generation,hero_image,12,Ninh Bình Day Trip (Optional),1072,[Hero Image Placeholder – Full-width chapter opener],Budget Tip | Carry cash for small purchases during the excursion. | CHAPTER 12 – Block 2,"Vietnam Adventure 2026 travel handbook. Context: Chapter 12: Ninh Bình Day Trip (Optional). Nearby handbook content: Budget Tip | Carry cash for small purchases during the excursion. | CHAPTER 12 – Block 2. Create a premium documentary travel-photography hero image, landscape 16:9, authentic Vietnam setting relevant to the context, warm natural light, sophisticated editorial composition, no text, no logos, no watermarks, no collage.",False,Create as a 16:9 editorial travel image.
ASSET-086,ready_for_generation,travel_budget_planner,12,Ninh Bình Day Trip (Optional),1079,[Travel Planner / Budget Planner Placeholder],Hoa Lư Ancient Capital | Múa Cave Viewpoint | Budget Planning,"Vietnam Adventure 2026 travel handbook. Context: Chapter 12: Ninh Bình Day Trip (Optional). Nearby handbook content: Hoa Lư Ancient Capital | Múa Cave Viewpoint | Budget Planning. Create a printable trip-and-budget planning worksheet with realistic empty fields for dates, transport, accommodation, meals, activities, and contingency.",False,Create as a printable planning worksheet.
ASSET-087,ready_for_generation,hero_image,12,Ninh Bình Day Trip (Optional),1093,[Hero Image Placeholder – Full-width chapter opener],Budget Tip | Carry cash for small purchases and entrance fees. | CHAPTER 12 – Block 3,"Vietnam Adventure 2026 travel handbook. Context: Chapter 12: Ninh Bình Day Trip (Optional). Nearby handbook content: Budget Tip | Carry cash for small purchases and entrance fees. | CHAPTER 12 – Block 3. Create a premium documentary travel-photography hero image, landscape 16:9, authentic Vietnam setting relevant to the context, warm natural light, sophisticated editorial composition, no text, no logos, no watermarks, no collage.",False,Create as a 16:9 editorial travel image.
ASSET-088,ready_for_generation,hero_image,13,Food & Coffee in Hanoi,1133,[Hero Image Placeholder – Full-width chapter opener],"CHAPTER 13 | Food & Coffee in Hanoi | ""The best way to understand Hanoi is one memorable meal and one unforgettable cup of coffee at a time.""","Vietnam Adventure 2026 travel handbook. Context: Chapter 13: Food & Coffee in Hanoi. Nearby handbook content: CHAPTER 13 | Food & Coffee in Hanoi | ""The best way to understand Hanoi is one memorable meal and one unforgettable cup of coffee at a time."". Create a premium documentary travel-photography hero image, landscape 16:9, authentic Vietnam setting relevant to the context, warm natural light, sophisticated editorial composition, no text, no logos, no watermarks, no collage.",False,Create as a 16:9 editorial travel image.
ASSET-089,ready_for_generation,navigation_panel,13,Food & Coffee in Hanoi,1137,[Navigation Panel Placeholder | Chapter Overview | Key Stops | QR],"Food & Coffee in Hanoi | ""The best way to understand Hanoi is one memorable meal and one unforgettable cup of coffee at a time."" | Editor's Introduction","Vietnam Adventure 2026 travel handbook. Context: Chapter 13: Food & Coffee in Hanoi. Nearby handbook content: Food & Coffee in Hanoi | ""The best way to understand Hanoi is one memorable meal and one unforgettable cup of coffee at a time."" | Editor's Introduction. Create concise content for a polished navigation panel with three labeled areas: Chapter Overview, Key Stops, and QR Destination. Use only facts established in the nearby content; mark uncertain facts as review-needed.",False,Create as a structured Word callout panel.
ASSET-090,ready_for_generation,icon_set,13,Food & Coffee in Hanoi,1140,[Icon Set Placeholder],"Hanoi is celebrated for its rich culinary traditions, vibrant cafés, and authentic local flavors. This chapter introduces the city's signature dishes and coffee culture while encouraging a relaxed dining pace. | Quick Facts | Introduction to Hanoi Cuisine","Vietnam Adventure 2026 travel handbook. Context: Chapter 13: Food & Coffee in Hanoi. Nearby handbook content: Hanoi is celebrated for its rich culinary traditions, vibrant cafés, and authentic local flavors. This chapter introduces the city's signature dishes and coffee culture while encouraging a relaxed dining pace. | Quick Facts | Introduction to Hanoi Cuisine. Create a cohesive set of six simple line icons for this chapter. Use one-color teal and navy styling, no text, clear at small print size.",False,Create as a consistent monochrome icon set.
ASSET-091,ready_for_generation,hero_image,13,Food & Coffee in Hanoi,1153,[Hero Image Placeholder – Full-width chapter opener],Senior-Friendly Advice | Enjoy breakfast at a relaxed pace and stay hydrated. | CHAPTER 13 – Block 1B,"Vietnam Adventure 2026 travel handbook. Context: Chapter 13: Food & Coffee in Hanoi. Nearby handbook content: Senior-Friendly Advice | Enjoy breakfast at a relaxed pace and stay hydrated. | CHAPTER 13 – Block 1B. Create a premium documentary travel-photography hero image, landscape 16:9, authentic Vietnam setting relevant to the context, warm natural light, sophisticated editorial composition, no text, no logos, no watermarks, no collage.",False,Create as a 16:9 editorial travel image.
ASSET-092,ready_for_generation,hero_image,13,Food & Coffee in Hanoi,1174,[Hero Image Placeholder – Full-width chapter opener],Budget Tip | Carry small cash for local eateries and cafés. | CHAPTER 13 – Block 2,"Vietnam Adventure 2026 travel handbook. Context: Chapter 13: Food & Coffee in Hanoi. Nearby handbook content: Budget Tip | Carry small cash for local eateries and cafés. | CHAPTER 13 – Block 2. Create a premium documentary travel-photography hero image, landscape 16:9, authentic Vietnam setting relevant to the context, warm natural light, sophisticated editorial composition, no text, no logos, no watermarks, no collage.",False,Create as a 16:9 editorial travel image.
ASSET-093,ready_for_generation,travel_budget_planner,13,Food & Coffee in Hanoi,1178,[Travel Planner / Budget Planner Placeholder],Café Recommendations | Restaurant Comparison | Budget Guide,"Vietnam Adventure 2026 travel handbook. Context: Chapter 13: Food & Coffee in Hanoi. Nearby handbook content: Café Recommendations | Restaurant Comparison | Budget Guide. Create a printable trip-and-budget planning worksheet with realistic empty fields for dates, transport, accommodation, meals, activities, and contingency.",False,Create as a printable planning worksheet.
ASSET-094,ready_for_generation,hero_image,13,Food & Coffee in Hanoi,1195,[Hero Image Placeholder – Full-width chapter opener],Budget Tip | Plan a daily meal budget. | CHAPTER 13 – Block 3,"Vietnam Adventure 2026 travel handbook. Context: Chapter 13: Food & Coffee in Hanoi. Nearby handbook content: Budget Tip | Plan a daily meal budget. | CHAPTER 13 – Block 3. Create a premium documentary travel-photography hero image, landscape 16:9, authentic Vietnam setting relevant to the context, warm natural light, sophisticated editorial composition, no text, no logos, no watermarks, no collage.",False,Create as a 16:9 editorial travel image.
ASSET-095,ready_for_generation,hero_image,14,Shopping & Pasalubong in Hanoi,1227,[Hero Image Placeholder – Full-width chapter opener],"CHAPTER 14 | Shopping & Pasalubong in Hanoi | ""The best souvenirs are the ones that preserve memories long after the journey ends.""","Vietnam Adventure 2026 travel handbook. Context: Chapter 14: Shopping & Pasalubong in Hanoi. Nearby handbook content: CHAPTER 14 | Shopping & Pasalubong in Hanoi | ""The best souvenirs are the ones that preserve memories long after the journey ends."". Create a premium documentary travel-photography hero image, landscape 16:9, authentic Vietnam setting relevant to the context, warm natural light, sophisticated editorial composition, no text, no logos, no watermarks, no collage.",False,Create as a 16:9 editorial travel image.
ASSET-096,ready_for_generation,navigation_panel,14,Shopping & Pasalubong in Hanoi,1231,[Navigation Panel Placeholder | Chapter Overview | Key Stops | QR],"Shopping & Pasalubong in Hanoi | ""The best souvenirs are the ones that preserve memories long after the journey ends."" | Editor's Introduction","Vietnam Adventure 2026 travel handbook. Context: Chapter 14: Shopping & Pasalubong in Hanoi. Nearby handbook content: Shopping & Pasalubong in Hanoi | ""The best souvenirs are the ones that preserve memories long after the journey ends."" | Editor's Introduction. Create concise content for a polished navigation panel with three labeled areas: Chapter Overview, Key Stops, and QR Destination. Use only facts established in the nearby content; mark uncertain facts as review-needed.",False,Create as a structured Word callout panel.
ASSET-097,ready_for_generation,icon_set,14,Shopping & Pasalubong in Hanoi,1234,[Icon Set Placeholder],"Hanoi offers a rewarding blend of traditional markets and modern shopping centers. This chapter helps you plan purchases efficiently so shopping complements, rather than interrupts, the itinerary. | Quick Facts | Introduction to Shopping in Hanoi","Vietnam Adventure 2026 travel handbook. Context: Chapter 14: Shopping & Pasalubong in Hanoi. Nearby handbook content: Hanoi offers a rewarding blend of traditional markets and modern shopping centers. This chapter helps you plan purchases efficiently so shopping complements, rather than interrupts, the itinerary. | Quick Facts | Introduction to Shopping in Hanoi. Create a cohesive set of six simple line icons for this chapter. Use one-color teal and navy styling, no text, clear at small print size.",False,Create as a consistent monochrome icon set.
ASSET-098,ready_for_generation,hero_image,14,Shopping & Pasalubong in Hanoi,1250,[Hero Image Placeholder – Full-width chapter opener],Senior-Friendly Advice | Consider air-conditioned shopping venues for longer visits. | CHAPTER 14 – Block 1B,"Vietnam Adventure 2026 travel handbook. Context: Chapter 14: Shopping & Pasalubong in Hanoi. Nearby handbook content: Senior-Friendly Advice | Consider air-conditioned shopping venues for longer visits. | CHAPTER 14 – Block 1B. Create a premium documentary travel-photography hero image, landscape 16:9, authentic Vietnam setting relevant to the context, warm natural light, sophisticated editorial composition, no text, no logos, no watermarks, no collage.",False,Create as a 16:9 editorial travel image.
ASSET-099,ready_for_generation,hero_image,14,Shopping & Pasalubong in Hanoi,1267,[Hero Image Placeholder – Full-width chapter opener],Budget Tip | Compare prices before buying and keep cash for market purchases. | CHAPTER 14 – Block 2,"Vietnam Adventure 2026 travel handbook. Context: Chapter 14: Shopping & Pasalubong in Hanoi. Nearby handbook content: Budget Tip | Compare prices before buying and keep cash for market purchases. | CHAPTER 14 – Block 2. Create a premium documentary travel-photography hero image, landscape 16:9, authentic Vietnam setting relevant to the context, warm natural light, sophisticated editorial composition, no text, no logos, no watermarks, no collage.",False,Create as a 16:9 editorial travel image.
ASSET-100,ready_for_generation,travel_budget_planner,14,Shopping & Pasalubong in Hanoi,1272,[Travel Planner / Budget Planner Placeholder],Clothing & Textiles | Shopping Comparison | Budget Planning,"Vietnam Adventure 2026 travel handbook. Context: Chapter 14: Shopping & Pasalubong in Hanoi. Nearby handbook content: Clothing & Textiles | Shopping Comparison | Budget Planning. Create a printable trip-and-budget planning worksheet with realistic empty fields for dates, transport, accommodation, meals, activities, and contingency.",False,Create as a printable planning worksheet.
ASSET-101,ready_for_generation,packing_planner,14,Shopping & Pasalubong in Hanoi,1279,[Packing Planner Placeholder],• Know your spending limit. | • Accept fixed prices in malls. | Packing Pasalubong,"Vietnam Adventure 2026 travel handbook. Context: Chapter 14: Shopping & Pasalubong in Hanoi. Nearby handbook content: • Know your spending limit. | • Accept fixed prices in malls. | Packing Pasalubong. Create a printable packing checklist organized by essentials, clothing, health, technology, and documents. Keep all entries relevant to this chapter.",False,Create as a printable checklist worksheet.
ASSET-102,ready_for_generation,hero_image,14,Shopping & Pasalubong in Hanoi,1295,[Hero Image Placeholder – Full-width chapter opener],Budget Tip | Reserve part of your budget for last-minute purchases. | CHAPTER 14 – Block 3,"Vietnam Adventure 2026 travel handbook. Context: Chapter 14: Shopping & Pasalubong in Hanoi. Nearby handbook content: Budget Tip | Reserve part of your budget for last-minute purchases. | CHAPTER 14 – Block 3. Create a premium documentary travel-photography hero image, landscape 16:9, authentic Vietnam setting relevant to the context, warm natural light, sophisticated editorial composition, no text, no logos, no watermarks, no collage.",False,Create as a 16:9 editorial travel image.
ASSET-103,ready_for_generation,travel_budget_planner,14,Shopping & Pasalubong in Hanoi,1312,[Travel Planner / Budget Planner Placeholder],• Shop toward the end of the trip. | • Compare prices politely. | • Budget before purchasing.,"Vietnam Adventure 2026 travel handbook. Context: Chapter 14: Shopping & Pasalubong in Hanoi. Nearby handbook content: • Shop toward the end of the trip. | • Compare prices politely. | • Budget before purchasing.. Create a printable trip-and-budget planning worksheet with realistic empty fields for dates, transport, accommodation, meals, activities, and contingency.",False,Create as a printable planning worksheet.
ASSET-104,ready_for_generation,hero_image,15,Final Day & Departure from Vietnam,1328,[Hero Image Placeholder – Full-width chapter opener],"CHAPTER 15 | Final Day & Departure from Vietnam | ""Every great journey ends with memories carefully packed for the trip home.""","Vietnam Adventure 2026 travel handbook. Context: Chapter 15: Final Day & Departure from Vietnam. Nearby handbook content: CHAPTER 15 | Final Day & Departure from Vietnam | ""Every great journey ends with memories carefully packed for the trip home."". Create a premium documentary travel-photography hero image, landscape 16:9, authentic Vietnam setting relevant to the context, warm natural light, sophisticated editorial composition, no text, no logos, no watermarks, no collage.",False,Create as a 16:9 editorial travel image.
ASSET-105,ready_for_generation,navigation_panel,15,Final Day & Departure from Vietnam,1332,[Navigation Panel Placeholder | Chapter Overview | Key Stops | QR],"Final Day & Departure from Vietnam | ""Every great journey ends with memories carefully packed for the trip home."" | Editor's Introduction","Vietnam Adventure 2026 travel handbook. Context: Chapter 15: Final Day & Departure from Vietnam. Nearby handbook content: Final Day & Departure from Vietnam | ""Every great journey ends with memories carefully packed for the trip home."" | Editor's Introduction. Create concise content for a polished navigation panel with three labeled areas: Chapter Overview, Key Stops, and QR Destination. Use only facts established in the nearby content; mark uncertain facts as review-needed.",False,Create as a structured Word callout panel.
ASSET-106,ready_for_generation,icon_set,15,Final Day & Departure from Vietnam,1335,[Icon Set Placeholder],"The final day is designed to be calm and organized. Begin with a relaxed breakfast, complete hotel formalities, and leave ample time for airport procedures so your journey home is as comfortable as the adventure itself. | Quick Facts | Introduction to the Final Day","Vietnam Adventure 2026 travel handbook. Context: Chapter 15: Final Day & Departure from Vietnam. Nearby handbook content: The final day is designed to be calm and organized. Begin with a relaxed breakfast, complete hotel formalities, and leave ample time for airport procedures so your journey home is as comfortable as the adventure itself. | Quick Facts | Introduction to the Final Day. Create a cohesive set of six simple line icons for this chapter. Use one-color teal and navy styling, no text, clear at small print size.",False,Create as a consistent monochrome icon set.
ASSET-107,ready_for_generation,hero_image,15,Final Day & Departure from Vietnam,1349,[Hero Image Placeholder – Full-width chapter opener],Senior-Friendly Advice | Allow extra travel time and use a private transfer or Grab when traveling with luggage. | CHAPTER 15 – Block 1B,"Vietnam Adventure 2026 travel handbook. Context: Chapter 15: Final Day & Departure from Vietnam. Nearby handbook content: Senior-Friendly Advice | Allow extra travel time and use a private transfer or Grab when traveling with luggage. | CHAPTER 15 – Block 1B. Create a premium documentary travel-photography hero image, landscape 16:9, authentic Vietnam setting relevant to the context, warm natural light, sophisticated editorial composition, no text, no logos, no watermarks, no collage.",False,Create as a 16:9 editorial travel image.
ASSET-108,ready_for_generation,hero_image,15,Final Day & Departure from Vietnam,1374,[Hero Image Placeholder – Full-width chapter opener],Budget Tip | Bring reusable water bottle to refill after security if permitted. | CHAPTER 15 – Block 2,"Vietnam Adventure 2026 travel handbook. Context: Chapter 15: Final Day & Departure from Vietnam. Nearby handbook content: Budget Tip | Bring reusable water bottle to refill after security if permitted. | CHAPTER 15 – Block 2. Create a premium documentary travel-photography hero image, landscape 16:9, authentic Vietnam setting relevant to the context, warm natural light, sophisticated editorial composition, no text, no logos, no watermarks, no collage.",False,Create as a 16:9 editorial travel image.
ASSET-109,ready_for_generation,timeline_graphic,15,Final Day & Departure from Vietnam,1376,[Timeline Graphic Placeholder],CHAPTER 15 – Block 2 | Airport Departure Timeline | Immigration → Security Screening → Departure Lounge → Last-Minute Shopping → Boarding → Return Flight,Vietnam Adventure 2026 travel handbook. Context: Chapter 15: Final Day & Departure from Vietnam. Nearby handbook content: CHAPTER 15 – Block 2 | Airport Departure Timeline | Immigration → Security Screening → Departure Lounge → Last-Minute Shopping → Boarding → Return Flight. Create a clean horizontal travel timeline showing the sequence of events already described in the nearby content. Use short labels and restrained colors.,False,Create as a clean horizontal itinerary timeline.
ASSET-110,ready_for_generation,hero_image,15,Final Day & Departure from Vietnam,1403,[Hero Image Placeholder – Full-width chapter opener],Budget Tip | Spend remaining Vietnamese Dong before departure where practical. | CHAPTER 15 – Block 3,"Vietnam Adventure 2026 travel handbook. Context: Chapter 15: Final Day & Departure from Vietnam. Nearby handbook content: Budget Tip | Spend remaining Vietnamese Dong before departure where practical. | CHAPTER 15 – Block 3. Create a premium documentary travel-photography hero image, landscape 16:9, authentic Vietnam setting relevant to the context, warm natural light, sophisticated editorial composition, no text, no logos, no watermarks, no collage.",False,Create as a 16:9 editorial travel image.
ASSET-111,ready_for_generation,reflection_journal,15,Final Day & Departure from Vietnam,1405,[Reflection Journal Page Placeholder],"CHAPTER 15 – Block 3 | Travel Reflection | Take a few moments to record your favorite places, meals, photographs, memorable experiences, and lessons learned from your Northern Vietnam adventure.","Vietnam Adventure 2026 travel handbook. Context: Chapter 15: Final Day & Departure from Vietnam. Nearby handbook content: CHAPTER 15 – Block 3 | Travel Reflection | Take a few moments to record your favorite places, meals, photographs, memorable experiences, and lessons learned from your Northern Vietnam adventure.. Create a guided reflection page with a short prompt, generous writing space, and a restrained travel-handbook visual style.",False,Create as a spacious guided reflection page.
ASSET-112,ready_for_generation,hero_image,16,QR Navigation Directory,1445,[Hero Image Placeholder – Full-width chapter opener],Budget Tip | Spend or exchange remaining small VND before departure. | CHAPTER 16,"Vietnam Adventure 2026 travel handbook. Context: Chapter 16: QR Navigation Directory. Nearby handbook content: Budget Tip | Spend or exchange remaining small VND before departure. | CHAPTER 16. Create a premium documentary travel-photography hero image, landscape 16:9, authentic Vietnam setting relevant to the context, warm natural light, sophisticated editorial composition, no text, no logos, no watermarks, no collage.",False,Create as a 16:9 editorial travel image.
ASSET-113,needs_input,qr_code,16,QR Navigation Directory,1447,[QR Code Directory Placeholder],"CHAPTER 16 | QR Navigation Directory | ""Every destination is easier to reach when reliable navigation is close at hand.""","Vietnam Adventure 2026 travel handbook. Context: Chapter 16: QR Navigation Directory. Nearby handbook content: CHAPTER 16 | QR Navigation Directory | ""Every destination is easier to reach when reliable navigation is close at hand."". A verified destination URL is required before creating a QR code.",True,A verified destination URL is required before creating a QR code.
ASSET-114,ready_for_generation,navigation_panel,16,QR Navigation Directory,1450,[Navigation Panel Placeholder | Chapter Overview | Key Stops | QR],"""Every destination is easier to reach when reliable navigation is close at hand."" | Editor's Introduction | This chapter centralizes navigation resources used throughout the handbook. Replace each placeholder with the finalized QR code before departure and verify every destination in Google Maps.","Vietnam Adventure 2026 travel handbook. Context: Chapter 16: QR Navigation Directory. Nearby handbook content: ""Every destination is easier to reach when reliable navigation is close at hand."" | Editor's Introduction | This chapter centralizes navigation resources used throughout the handbook. Replace each placeholder with the finalized QR code before departure and verify every destination in Google Maps.. Create concise content for a polished navigation panel with three labeled areas: Chapter Overview, Key Stops, and QR Destination. Use only facts established in the nearby content; mark uncertain facts as review-needed.",False,Create as a structured Word callout panel.
ASSET-115,needs_input,publication_credits,16,QR Navigation Directory,1457,"Author: [Placeholder]
Publisher: [Placeholder]
Design & Layout: [Placeholder]",Acknowledgements | Prepared from the Editorial Reviewed manuscript and refined according to the approved Publisher Style Guide. | Credits,"Vietnam Adventure 2026 travel handbook. Context: Chapter 16: QR Navigation Directory. Nearby handbook content: Acknowledgements | Prepared from the Editorial Reviewed manuscript and refined according to the approved Publisher Style Guide. | Credits. Requires final author, publisher, and design-credit details.",True,"Requires final author, publisher, and design-credit details."
ASSET-116,needs_input,qr_code,16,QR Navigation Directory,1466,"Handbook Version: __________
Publication Date: __________
QR Code for Future Updates: [Placeholder]",Travel Tip | Download offline maps for Hanoi and Sa Pa and test every QR code before departure. | Closing Message,Vietnam Adventure 2026 travel handbook. Context: Chapter 16: QR Navigation Directory. Nearby handbook content: Travel Tip | Download offline maps for Hanoi and Sa Pa and test every QR code before departure. | Closing Message. A verified destination URL is required before creating a QR code.,True,A verified destination URL is required before creating a QR code.
